<?xml version="1.0" encoding="UTF-8"?>
<project-private xmlns="http://www.netbeans.org/ns/project-private/1">
    <editor-bookmarks xmlns="http://www.netbeans.org/ns/editor-bookmarks/2" lastBookmarkId="0"/>
    <open-files xmlns="http://www.netbeans.org/ns/projectui-open-files/2">
        <group>
            <file>file:/home/a/NetBeansProjects/48024%20SPR%202018%20Assignment%202%20Skeleton%20(NETBEANS)/src/controller/CatalogueController.java</file>
            <file>file:/home/a/NetBeansProjects/48024%20SPR%202018%20Assignment%202%20Skeleton%20(NETBEANS)/src/view/build.fxml</file>
            <file>file:/home/a/NetBeansProjects/48024%20SPR%202018%20Assignment%202%20Skeleton%20(NETBEANS)/src/controller/CheckBuildController.java</file>
            <file>file:/home/a/NetBeansProjects/48024%20SPR%202018%20Assignment%202%20Skeleton%20(NETBEANS)/src/view/computerbuilder.css</file>
            <file>file:/home/a/NetBeansProjects/48024%20SPR%202018%20Assignment%202%20Skeleton%20(NETBEANS)/src/view/buildcheck.fxml</file>
            <file>file:/home/a/NetBeansProjects/48024%20SPR%202018%20Assignment%202%20Skeleton%20(NETBEANS)/src/au/edu/uts/ap/javafx/ViewLoader.java</file>
            <file>file:/home/a/NetBeansProjects/48024%20SPR%202018%20Assignment%202%20Skeleton%20(NETBEANS)/src/view/addtocatalogue.fxml</file>
            <file>file:/home/a/NetBeansProjects/48024%20SPR%202018%20Assignment%202%20Skeleton%20(NETBEANS)/src/model/ComputerBuilder.java</file>
            <file>file:/home/a/NetBeansProjects/48024%20SPR%202018%20Assignment%202%20Skeleton%20(NETBEANS)/src/controller/AddToCatalogueController.java</file>
            <file>file:/home/a/NetBeansProjects/48024%20SPR%202018%20Assignment%202%20Skeleton%20(NETBEANS)/src/controller/BuildController.java</file>
            <file>file:/home/a/NetBeansProjects/48024%20SPR%202018%20Assignment%202%20Skeleton%20(NETBEANS)/src/view/catalogue.fxml</file>
            <file>file:/home/a/NetBeansProjects/48024%20SPR%202018%20Assignment%202%20Skeleton%20(NETBEANS)/src/model/Catalogue.java</file>
            <file>file:/home/a/NetBeansProjects/48024%20SPR%202018%20Assignment%202%20Skeleton%20(NETBEANS)/src/progress.txt</file>
            <file>file:/home/a/NetBeansProjects/48024%20SPR%202018%20Assignment%202%20Skeleton%20(NETBEANS)/src/controller/ErrorController.java</file>
            <file>file:/home/a/NetBeansProjects/48024%20SPR%202018%20Assignment%202%20Skeleton%20(NETBEANS)/src/model/Build.java</file>
            <file>file:/home/a/NetBeansProjects/48024%20SPR%202018%20Assignment%202%20Skeleton%20(NETBEANS)/src/view/error.fxml</file>
            <file>file:/home/a/NetBeansProjects/48024%20SPR%202018%20Assignment%202%20Skeleton%20(NETBEANS)/src/controller/ComputerBuilderController.java</file>
            <file>file:/home/a/NetBeansProjects/48024%20SPR%202018%20Assignment%202%20Skeleton%20(NETBEANS)/src/model/Part.java</file>
        </group>
    </open-files>
</project-private>
